湖南网络工程职业学院,https://mmbiz.qpic.cn/mmbiz_gif/jibpYszuqLgLiajEhhvNSBiaNszZy0LS0nVfYGbKYHE8GguheSOgGoIjybdd12GHqn4P6ZnjRoIoDorcYyKKj6BwQ/640?wx_fmt=gif
湖南软件职业技术大学,https://mmbiz.qpic.cn/mmbiz_png/ib7WYApOldPSsffLjOr7bmoXBIeRRsZzkVCcH6IqAXiamD0ZzicePRAKOibVnnhnPnCInUC5OM6oFIR2pNgUyqaKXw/640?wx_fmt=png&from=appmsg
湖南中医药高等专科学校,https://mmbiz.qpic.cn/mmbiz_jpg/ib7WYApOldPSsffLjOr7bmoXBIeRRsZzkJKlecLXpJeaavqqCiaRsEHrKESu1zMxzNt5cOIJib6jqich7HibCCglicicQ/640?wx_fmt=jpeg&from=appmsg
益阳医学高等专科学校,https://mmbiz.qpic.cn/mmbiz_png/ib7WYApOldPRiaVJ7apiboRbNovkvgr0JOFJUFh7CwjzfoQZ3J12j7EXcSKwFQhnRicFpE5zjHcIq5H17n4blSH4IQ/640?wx_fmt=png&from=appmsg
湖南幼儿师范高等专科学校,https://mmbiz.qpic.cn/mmbiz_png/ib7WYApOldPRiaVJ7apiboRbNovkvgr0JOFKzU1VZZ7oUknfF6kSsofbdCPzUe49V2ia9KwfUBpMtLxcdpMJnNeYag/640?wx_fmt=png&from=appmsg
湘南幼儿师范高等专科学校,https://mmbiz.qpic.cn/mmbiz_png/ib7WYApOldPS8HJuqpqh00lysc8xsheocSCGObat95ZZzX7xnL8HJQ77OLo1icJD6quS4jiaK5RuVpCCf3z3M39Jg/640?wx_fmt=png&from=appmsg
湘中幼儿师范高等专科学校,https://mmbiz.qpic.cn/mmbiz_png/ib7WYApOldPS8HJuqpqh00lysc8xsheocrPUqabd6ghOGibuEqDdTpvtGeunzxXywuQ1BkNQOMjA6iaeb7kb6NIXw/640?wx_fmt=png&from=appmsg
怀化师范高等专科学校,https://mmbiz.qpic.cn/mmbiz_png/ib7WYApOldPTo6bM9M4a0I2gRVNf9w3ADPaopyleChrqUpmdNia0jaSsP5hJtwMXT3smIMqx8hH02Fot2AibN6rvg/640?wx_fmt=png&from=appmsg
长沙幼儿师范高等专科学校,https://mmbiz.qpic.cn/mmbiz_png/ib7WYApOldPS8HJuqpqh00lysc8xsheocydNicJ3aKBjMNkp5knkFHZDX7aOkGS7d8WcGn45NI6jXdSpaCI9sLTg/640?wx_fmt=png&from=appmsg
衡阳幼儿师范高等专科学校,https://mmbiz.qpic.cn/mmbiz_png/ib7WYApOldPS8HJuqpqh00lysc8xsheocEwvAjKSAmIK1e3u7YduqZQduWzg3znK9UhHvjwcz5P3LouH5dmfEBg/640?wx_fmt=png&from=appmsg
株洲师范高等专科学校,https://mmbiz.qpic.cn/mmbiz_png/ib7WYApOldPS8HJuqpqh00lysc8xsheocLvpPPsyhCWrkuicaxfgicQicQicEfLIjvh6pciay6ylFMfEXEnia48uJwjDA/640?wx_fmt=png&from=appmsg
益阳师范高等专科学校,https://mmbiz.qpic.cn/mmbiz_png/ib7WYApOldPS8HJuqpqh00lysc8xsheocbCdgq0MfgoappYj3fvu4YEZxHu9JjHthHDuzNhxHWkSNM10T4dpciaA/640?wx_fmt=png&from=appmsg
永州师范高等专科学校,https://mmbiz.qpic.cn/mmbiz_png/ib7WYApOldPSsffLjOr7bmoXBIeRRsZzkXTICibzJpmX7gT3w6Or8RrHhZAA2nXiby9TxQ5pNSIgQ7OEiak8OLvykQ/640?wx_fmt=png&from=appmsg
娄底幼儿师范高等专科学校,https://mmbiz.qpic.cn/mmbiz_png/ib7WYApOldPS8HJuqpqh00lysc8xsheoclLHPnO4ZLBCrg8NA0riaNTTIicvGkuyicKhzfeibVOgufyWBOsf8f0yfXA/640?wx_fmt=png&from=appmsg
长沙民政职业技术学院,https://mmbiz.qpic.cn/mmbiz_png/ib7WYApOldPSsffLjOr7bmoXBIeRRsZzk2GIBgOggvKAvMVjb7O7NM1EQbuYBHDpV4fkeDwWJ4nthe2cXf2wvlg/640?wx_fmt=png&from=appmsg
长沙民政职业技术学院,https://mmbiz.qpic.cn/mmbiz_jpg/ib7WYApOldPRiaVJ7apiboRbNovkvgr0JOFe9CNX9YdJwehdDiaXhubwDiajEltjDDgaTZk3hSOiaZBibmBhyfFnfqW3w/640?wx_fmt=jpeg&from=appmsg
湖南铁道职业技术学院,https://mmbiz.qpic.cn/mmbiz_jpg/ib7WYApOldPRiaVJ7apiboRbNovkvgr0JOF9jIB9Z0E9XjsLewUCicASAcXaj7Kv0G0oMtIVfxMuV8YcBNID5vUoCg/640?wx_fmt=jpeg&from=appmsg
湖南交通职业技术学院,https://mmbiz.qpic.cn/mmbiz_jpg/ib7WYApOldPRiaVJ7apiboRbNovkvgr0JOFMRfZHQl1LQRIibhksZXoeCiakkJdunQUVYpYcibAsWIRMibIEKZyCsAlMg/640?wx_fmt=jpeg&from=appmsg
永州职业技术学院,https://mmbiz.qpic.cn/mmbiz_png/ib7WYApOldPRiaVJ7apiboRbNovkvgr0JOF6JRRiaIPfIMtSVVadtc2ic0b5ESBJ8NP1JjbXZDTr902RbTiastzROO1g/640?wx_fmt=png&from=appmsg
湖南工业职业技术学院,https://mmbiz.qpic.cn/mmbiz_jpg/ib7WYApOldPTo6bM9M4a0I2gRVNf9w3ADPARNmxiaibpcebeS1bztwH8bnEHSTsBDyibjvGmicvGicTZTpJ3H0L8pDFQ/640?wx_fmt=jpeg&from=appmsg
湖南大众传媒职业技术学院,https://mmbiz.qpic.cn/mmbiz_jpg/ib7WYApOldPTo6bM9M4a0I2gRVNf9w3ADLCyLiacKW7poUZSAZw3UhAZM6bU5dyvHFxHBl28lnUQxRnXloMgG8xQ/640?wx_fmt=jpeg&from=appmsg
湖南科技职业学院,https://mmbiz.qpic.cn/mmbiz_jpg/ib7WYApOldPRiaVJ7apiboRbNovkvgr0JOFgyCq2mtdibeVHUPkeKRia2K2xpTicqt2nHgicyAZs2jx6ZaQiccGa6Uqjrg/640?wx_fmt=jpeg&from=appmsg
湖南工艺美术职业学院,https://mmbiz.qpic.cn/mmbiz_png/ib7WYApOldPRiaVJ7apiboRbNovkvgr0JOF1c4K67JfUfSiaADsYo1N6o07FGTIlvkM4ThhOicrlBsxfGd2HKsbJH3A/640?wx_fmt=png&from=appmsg
娄底职业技术学院,https://mmbiz.qpic.cn/mmbiz_jpg/ib7WYApOldPSsffLjOr7bmoXBIeRRsZzkjTHaoK0tMyoiaSK6f1oZZHdG2yK5nhrLG5MgYa4dtEEj4JLEibX3kicRA/640?wx_fmt=jpeg&from=appmsg
湖南环境生物职业技术学院,https://mmbiz.qpic.cn/mmbiz_png/ib7WYApOldPSsffLjOr7bmoXBIeRRsZzkmWhKU9sZKcnFibYhcsNU2ict3NKZ9HaJAyrOH224jgSkItUc5yM2Zv0A/640?wx_fmt=png&from=appmsg
长沙航空职业技术学院,https://mmbiz.qpic.cn/mmbiz_png/ib7WYApOldPRiaVJ7apiboRbNovkvgr0JOF0HBT4SHLLejQv68mBZLQYLb4zeMGqmUlVOpHMDdwXINL4ialsiaKA1JQ/640?wx_fmt=png&from=appmsg
湖南生物机电职业技术学院,https://mmbiz.qpic.cn/mmbiz_jpg/ib7WYApOldPRiaVJ7apiboRbNovkvgr0JOFQpb8UsCHfpZ3IIuQhsiaPgDbfricIX0ficyFFagRAlbwpInqdzGnR0iaWA/640?wx_fmt=jpeg&from=appmsg
长沙环境保护职业技术学院,https://mmbiz.qpic.cn/mmbiz_png/ib7WYApOldPSsffLjOr7bmoXBIeRRsZzk6GGNByh5JoeYHnWXgn5TsVAAVEicIzBPMiaWjq9pXjtKZVrjoia0BNsJg/640?wx_fmt=png&from=appmsg
岳阳职业技术学院,https://mmbiz.qpic.cn/mmbiz_jpg/ib7WYApOldPRiaVJ7apiboRbNovkvgr0JOF8Op7oWyFFIEN3ZwibXv5ichBMdWePMBIGpRCvHG4g8oMIwwrtJmwaXfQ/640?wx_fmt=jpeg&from=appmsg
湖南现代物流职业技术学院,https://mmbiz.qpic.cn/mmbiz_jpg/ib7WYApOldPRiaVJ7apiboRbNovkvgr0JOFwOpxiajVhWIPzQ8bJ0HHlPq3L7r4bSjSgpsQENAMOdq5AJbeBqHQBjg/640?wx_fmt=jpeg&from=appmsg
湖南信息职业技术学院,https://mmbiz.qpic.cn/mmbiz_jpg/ib7WYApOldPRiaVJ7apiboRbNovkvgr0JOFHa6RbevS0ibNAT7BG5L8iaAYSRr5D0Ul2VQdrzEhU9RFC5uyRe27V8tw/640?wx_fmt=jpeg&from=appmsg
湖南艺术职业学院,https://mmbiz.qpic.cn/mmbiz_jpg/ib7WYApOldPRiaVJ7apiboRbNovkvgr0JOFHAibia32CzBPdZnWvh66VVNs4P43KkLibn7tZAW52hCOarfErnibPCibKzg/640?wx_fmt=jpeg&from=appmsg
常德职业技术学院,https://mmbiz.qpic.cn/mmbiz_jpg/ib7WYApOldPSsffLjOr7bmoXBIeRRsZzkq2hDosH8kMlJGPRBk0HUTRQwV1IWoPWfsvFpX2QhLWfu6vibOP8RURw/640?wx_fmt=jpeg&from=appmsg
湖南外贸职业学院,https://mmbiz.qpic.cn/mmbiz_jpg/ib7WYApOldPSsffLjOr7bmoXBIeRRsZzkichiaNhRQDic2Uzrk0zSlujCMKg4XOsCMQsw9zF61STL1U0mhkaqkKzjg/640?wx_fmt=jpeg&from=appmsg
湖南机电职业技术学院,https://mmbiz.qpic.cn/mmbiz_jpg/ib7WYApOldPRiaVJ7apiboRbNovkvgr0JOF9GggIGcCZibULJa72q2tAj0pz0smR5QBKDFISWwDCR5HHOg1AsibibiaZQ/640?wx_fmt=jpeg&from=appmsg
湖南商务职业技术学院,https://mmbiz.qpic.cn/mmbiz_png/ib7WYApOldPRiaVJ7apiboRbNovkvgr0JOFzNcr391xhl8T8p2soHu1iawjLRaNf1KdOfdl0hS6qyiaVju4S5aaDIRw/640?wx_fmt=png&from=appmsg
湖南工程职业技术学院,https://mmbiz.qpic.cn/mmbiz_jpg/ib7WYApOldPRiaVJ7apiboRbNovkvgr0JOFn433X5UnJLq9fxJI4ymdOkwb0VIcATy1XwmaTAYr18JbafQA6lWa6Q/640?wx_fmt=jpeg&from=appmsg
长沙商贸旅游职业技术学院,https://mmbiz.qpic.cn/mmbiz_png/ib7WYApOldPRiaVJ7apiboRbNovkvgr0JOFw9MIaB7BRt9FzDynOibOzthIloEVicFn1PqicxIo4L4L3SQsC8YrqUVTw/640?wx_fmt=png&from=appmsg
湖南汽车工程职业学院,https://mmbiz.qpic.cn/mmbiz_jpg/ib7WYApOldPRiaVJ7apiboRbNovkvgr0JOFEJPY4K2ruQnrY51UXjun33JLmib14GHn6K2FHsuOVUIFNCZXQuuDVkQ/640?wx_fmt=jpeg&from=appmsg
湖南铁路科技职业技术学院,https://mmbiz.qpic.cn/mmbiz_jpg/ib7WYApOldPRiaVJ7apiboRbNovkvgr0JOFGhbTWsaiaza4aic9ltiaNia4y0yp5mnic7r2hW81Cr6ZcDvD1bppLcnonqA/640?wx_fmt=jpeg&from=appmsg
湖南邮电职业技术学院,https://mmbiz.qpic.cn/mmbiz_png/ib7WYApOldPSsffLjOr7bmoXBIeRRsZzkeY5xw1oRCWvNqicX3GlpNDT9w1Fhf8FMeH28ibQf4zTibx989ibmoLiaPxQ/640?wx_fmt=png&from=appmsg
湖南城建职业技术学院,https://mmbiz.qpic.cn/mmbiz_png/ib7WYApOldPRiaVJ7apiboRbNovkvgr0JOFiaUichkhGd4UJ386KeRX3tlMvP6bPurJkSkKAHWFfGzu87tWE0NMsD8w/640?wx_fmt=png&from=appmsg
湖南体育职业学院,https://mmbiz.qpic.cn/mmbiz_jpg/ib7WYApOldPRiaVJ7apiboRbNovkvgr0JOFzByPjXIMC8mNicoIPibtmgQWNocmZXOfGxaUlyfA2n3851XH2BcXdWhA/640?wx_fmt=jpeg&from=appmsg
郴州职业技术学院,https://mmbiz.qpic.cn/mmbiz_png/ib7WYApOldPSsffLjOr7bmoXBIeRRsZzk1IfE7aHmSFicqntYmhkPXibUW8XoxKoOyPzIXYPXlbbPhsYxozOnvsyw/640?wx_fmt=png&from=appmsg
湖南化工职业技术学院,https://mmbiz.qpic.cn/mmbiz_jpg/ib7WYApOldPRiaVJ7apiboRbNovkvgr0JOFwicQqGZBuRyRibdCAAAaA0V1J1zq6iarJUAZmPGqCj8YJ8vXOSFEl3U6A/640?wx_fmt=jpeg&from=appmsg
湖南财经工业职业技术学院,https://mmbiz.qpic.cn/mmbiz_png/ib7WYApOldPSsffLjOr7bmoXBIeRRsZzkPMLpOgtCJeNjOvqRxxzKYgNjNRXiamKYAmFvFAYWyeeHhK7tO3rmTXw/640?wx_fmt=png&from=appmsg
湖南高速铁路职业技术学院,https://mmbiz.qpic.cn/mmbiz_png/ib7WYApOldPRiaVJ7apiboRbNovkvgr0JOF0nzeW54dliaRdt9j0Ejty4X3Vz71INgDiaVJ5ZGsrdFutlyqwe9vxEIQ/640?wx_fmt=png&from=appmsg
湖南电气职业技术学院,https://mmbiz.qpic.cn/mmbiz_png/ib7WYApOldPRiaVJ7apiboRbNovkvgr0JOFGicr2hicsof7DbagaksMW3ibg7TlUKicEY4UFsphqicDkTicTCLyks0xYhibg/640?wx_fmt=png&from=appmsg
湖南司法警官职业学院,https://mmbiz.qpic.cn/mmbiz_png/ib7WYApOldPRiaVJ7apiboRbNovkvgr0JOF7KrNWfl846knfBVJP25icqh6ibDhP99BXMTM1v4V1z0FVn7pVJHY0OFA/640?wx_fmt=png&from=appmsg
张家界航空工业职业技术学院,https://mmbiz.qpic.cn/mmbiz_png/ib7WYApOldPRiaVJ7apiboRbNovkvgr0JOFm7eFDsCbfyNRfZypheK2Fiao8w79IbCfXLqic4f74rbwbLGFuLDGVY4g/640?wx_fmt=png&from=appmsg
怀化职业技术学院,https://mmbiz.qpic.cn/mmbiz_png/ib7WYApOldPSsffLjOr7bmoXBIeRRsZzkeUbtbr8RtGukZbNuk9ia0HjzvQdtHp4Ndfdia9lnKdRFlQaX8fBhP7aQ/640?wx_fmt=png&from=appmsg
湖南民族职业学院,https://mmbiz.qpic.cn/mmbiz_png/ib7WYApOldPRiaVJ7apiboRbNovkvgr0JOFsM7v2JkoyDPqHPGJtpqdicSM307a25PK4AJdDiaBFlwo3Gbdkic8yzzww/640?wx_fmt=png&from=appmsg
湖南水利水电职业技术学院,https://mmbiz.qpic.cn/mmbiz_png/ib7WYApOldPRiaVJ7apiboRbNovkvgr0JOFAzrICCfZtVIGmj9tAKbJTa6dXIdlpEShGbPJicEgsW7NgNObXG5gJhA/640?wx_fmt=png&from=appmsg
湖南都市职业学院,https://mmbiz.qpic.cn/mmbiz_jpg/ib7WYApOldPS8ibTIjeOIK56Er0ApguEvHeghoiashPJLAq2fm2r9ia4Hp2vITT8dIS7V8jKfcibnLAZ8CRUN8OKFbw/640?wx_fmt=jpeg
湖南国防工业职业技术学院,https://mmbiz.qpic.cn/mmbiz_png/ib7WYApOldPTo6bM9M4a0I2gRVNf9w3ADJCiajYHr3w5oib8HAokzpwbNhib460jBxz8eic9KUEP5icibPqZ29xfxIBYA/640?wx_fmt=png&from=appmsg
保险职业学院,https://mmbiz.qpic.cn/mmbiz_png/ib7WYApOldPRiaVJ7apiboRbNovkvgr0JOFsIvBMVNx0Dl5DSxR2UkA7opW6P60IqvibTLM3J9Bo3BMuqcFsGEea5w/640?wx_fmt=png&from=appmsg
邵阳职业技术学院,https://mmbiz.qpic.cn/mmbiz_jpg/ib7WYApOldPSsffLjOr7bmoXBIeRRsZzknZYdfgpQmvIxX7qcibicWhlZJ37sJzeJAN5lyINXx1T32N9KJnwOiaia3Q/640?wx_fmt=jpeg&from=appmsg
湘潭医卫职业技术学院,https://mmbiz.qpic.cn/mmbiz_jpg/ib7WYApOldPRiaVJ7apiboRbNovkvgr0JOFUIvZbz3IH2kEKc6JuVkYMwKJTj30ZH8gC1n3jz2XYraPdY2R8erj1Q/640?wx_fmt=jpeg&from=appmsg
长沙职业技术学院,https://mmbiz.qpic.cn/mmbiz_png/ib7WYApOldPRiaVJ7apiboRbNovkvgr0JOFFF7HtyZhPSnKf5wLdB0UACcWFtiayklV6NDauhhPib1L3klNu3xcFwibQ/640?wx_fmt=png&from=appmsg
长沙南方职业学院,https://mmbiz.qpic.cn/mmbiz_png/ib7WYApOldPSsffLjOr7bmoXBIeRRsZzk6DBxJbhs5tGrrChs2AFXn3yB0Icfx6oxjrU2gRFFZmrs9naVFJ6jlw/640?wx_fmt=png&from=appmsg
娄底潇湘职业学院,https://mmbiz.qpic.cn/mmbiz_jpg/ib7WYApOldPSsffLjOr7bmoXBIeRRsZzkvchtGNk6d3z7uROY35nHckglBbgrZsbFic4kCjsJD4wHsgeNu85IQFg/640?wx_fmt=jpeg&from=appmsg
湖南石油化工职业技术学院,https://mmbiz.qpic.cn/mmbiz_png/ib7WYApOldPRiaVJ7apiboRbNovkvgr0JOF6AY5g4I9h99pv0FC0joBtMS022ssQRMwKWbMPLCyEoY7skRux7EpHQ/640?wx_fmt=png&from=appmsg
湘西民族职业技术学院,https://mmbiz.qpic.cn/mmbiz_jpg/ib7WYApOldPSsffLjOr7bmoXBIeRRsZzkiaLq64JfUXMeOXaT6I0TjVzJgBFAMxSu2kjNibDAE6lMq4Q631GZtbibA/640?wx_fmt=jpeg&from=appmsg
益阳职业技术学院,https://mmbiz.qpic.cn/mmbiz_jpg/ib7WYApOldPSsffLjOr7bmoXBIeRRsZzk4M0jB7v6FPZiaKiaGUFy2Cjr3uPrRHudNIFPwgfaIdxkiaWEVuHzKq52w/640?wx_fmt=jpeg&from=appmsg
湖南九嶷职业技术学院,https://mmbiz.qpic.cn/mmbiz_png/ib7WYApOldPSsffLjOr7bmoXBIeRRsZzkyvQ4ja5yCfNQQOtynyIqGqaibLmEjXxym8RficPkRicyIGKlqjFibebB0g/640?wx_fmt=png&from=appmsg
湖南理工职业技术学院,https://mmbiz.qpic.cn/mmbiz_png/ib7WYApOldPSsffLjOr7bmoXBIeRRsZzkw7HXPQ85gn660pwU7Dlpjm7KqGCbdYk8z3kno6381Jc5dO8b0Rl4ew/640?wx_fmt=png&from=appmsg
长沙电力职业技术学院,https://mmbiz.qpic.cn/mmbiz_png/ib7WYApOldPRiaVJ7apiboRbNovkvgr0JOFUibgXY7NUuOkANibgeGVibrFF9sxJnwicj1Jeh2x3S9tMBKy1rl7SsL3Lw/640?wx_fmt=png&from=appmsg
湖南安全技术职业学院,https://mmbiz.qpic.cn/mmbiz_png/ib7WYApOldPRiaVJ7apiboRbNovkvgr0JOFvDyG5a1eMiaPPnBtpbsSdGNHfInxXFXPA60lsueoKEBm2shNoGicIVcw/640?wx_fmt=png&from=appmsg
湖南外国语职业学院,https://mmbiz.qpic.cn/mmbiz_jpg/ib7WYApOldPSsffLjOr7bmoXBIeRRsZzkYLGE9HCgN0Y83QhxFj9HHRwfwnAUKwtPBx4ibyatbQECRBP9G6Cwd4Q/640?wx_fmt=jpeg&from=appmsg
湖南电子科技职业学院,https://mmbiz.qpic.cn/mmbiz_jpg/ib7WYApOldPSsffLjOr7bmoXBIeRRsZzkQur9cdiaGGnqFU1unkDchNYIicHj03YapWUFFdYktmqBlgrYicIEibo5aA/640?wx_fmt=jpeg&from=appmsg
湖南高尔夫旅游职业学院,https://mmbiz.qpic.cn/mmbiz_jpg/ib7WYApOldPTo6bM9M4a0I2gRVNf9w3ADt0iaUNL9vFvEUkRGIZicuedtgrgU5iaAUDSQia1AZbjavjoHzRDewyvQ5w/640?wx_fmt=jpeg
湖南工商职业学院,https://mmbiz.qpic.cn/mmbiz_jpg/ib7WYApOldPSsffLjOr7bmoXBIeRRsZzk9kh5j01etpOJk9MZK7HuR85kvFxPxUreNtFiayVLwCBgIlXMzaCMh2A/640?wx_fmt=jpeg&from=appmsg
湖南三一工业职业技术学院,https://mmbiz.qpic.cn/mmbiz_png/ib7WYApOldPSsffLjOr7bmoXBIeRRsZzkZtOqicvDAdqgd44tyHAbIj9iayNH79qLmzIPiaIKTYy1rWuTYeoXJauQA/640?wx_fmt=png&from=appmsg
长沙卫生职业学院,https://mmbiz.qpic.cn/mmbiz_png/ib7WYApOldPRiaVJ7apiboRbNovkvgr0JOFwAPRM80la95hI39d2R0E9HdeIibMslNAf7OvjrwDTOYzVj2MvwIvxVg/640?wx_fmt=png&from=appmsg
湖南食品药品职业学院,https://mmbiz.qpic.cn/mmbiz_png/ib7WYApOldPRiaVJ7apiboRbNovkvgr0JOFApLhDZleicHiaqaN3oWDkicMWKQqG31ibkzVhTn0hR9LRtyKgfTDQ68uQA/640?wx_fmt=png&from=appmsg
湖南有色金属职业技术学院,https://mmbiz.qpic.cn/mmbiz_png/ib7WYApOldPRiaVJ7apiboRbNovkvgr0JOFSUtJ1lscblrl7q9H86xtKTibq51pVQELlCiapP84y8MjDXkDszThDY6Q/640?wx_fmt=png&from=appmsg
湖南吉利汽车职业技术学院,https://mmbiz.qpic.cn/mmbiz_png/ib7WYApOldPSsffLjOr7bmoXBIeRRsZzk8GTs2Edoby429dXgWp16tL4gQrhYAgU3lyxS8Ax3QoloVnEVr8FAIg/640?wx_fmt=png&from=appmsg
湖南劳动人事职业学院,https://mmbiz.qpic.cn/mmbiz_png/ib7WYApOldPRiaVJ7apiboRbNovkvgr0JOFWbkp2DQNvsUicz0DRia3iaw4IaJzvoCnmfajoOtysBQvGKNt3SexWqhZw/640?wx_fmt=png&from=appmsg
常德科技职业技术学院,https://mmbiz.qpic.cn/mmbiz_png/ib7WYApOldPSsffLjOr7bmoXBIeRRsZzkV5ewibIgcNQpMF0OEj0WuJrib3lKRBM08P0WprWiblAkn1us3xzXqYmIg/640?wx_fmt=png&from=appmsg
邵阳工业职业技术学院,https://mmbiz.qpic.cn/mmbiz_png/ib7WYApOldPSsffLjOr7bmoXBIeRRsZzkeZbWjvQicRyONx4phmJoS7LiaBJpTPvfd8hiazt6UDDCfrpzuVL5NyWow/640?wx_fmt=png&from=appmsg
长沙轨道交通职业学院,https://mmbiz.qpic.cn/mmbiz_png/ib7WYApOldPSsffLjOr7bmoXBIeRRsZzk7BGw1gKC2nFpcyfvj3gjK8stusl09DTKZlfOiaSXujK0hxNfAnuGwnw/640?wx_fmt=png&from=appmsg
长沙文创艺术职业学院,https://mmbiz.qpic.cn/mmbiz_png/ib7WYApOldPSsffLjOr7bmoXBIeRRsZzkgPGZWxIxk8W11Iu1uyoML25sWiaUjQUXXZkYP9POluSlsCLic708zwXg/640?wx_fmt=png&from=appmsg
岳阳现代服务职业学院,https://mmbiz.qpic.cn/mmbiz_png/ib7WYApOldPSsffLjOr7bmoXBIeRRsZzkUS4icsJ9IzI6eMiaxFCOXaWpZtHOj1c0Lc02ic7kwvJnCytbsnqT3BEmA/640?wx_fmt=png&from=appmsg
郴州思科职业学院,https://mmbiz.qpic.cn/mmbiz_png/ib7WYApOldPSsffLjOr7bmoXBIeRRsZzkweQvtlCiaxqEYjvP175cqO0yGkgdDqxjbYZI0I7niaZiaQzv1ZUAWicGXA/640?wx_fmt=png&from=appmsg
衡阳科技职业学院,https://mmbiz.qpic.cn/mmbiz_png/ib7WYApOldPSsffLjOr7bmoXBIeRRsZzkKRHbhKUebEAcTMbct1LRrDvd1YlCweibTuo6gDULI2lNKLZE5kWu7KA/640?wx_fmt=png&from=appmsg
北京社会管理职业学院,https://mmbiz.qpic.cn/mmbiz_jpg/ib7WYApOldPSsffLjOr7bmoXBIeRRsZzkaibYwAwwLy2WsGSaZF8yvqtwCSichcbn1vXJqrpiamaAnSq9ldm1aaZ9g/640?wx_fmt=jpeg&from=appmsg
铁门关职业技术学院,https://mmbiz.qpic.cn/mmbiz_jpg/ib7WYApOldPSsffLjOr7bmoXBIeRRsZzkB3B3OwT6DRfjaOBh75JfbUI7UEyMghDANiakK5Tg3AxlicfmndlVUlIA/640?wx_fmt=jpeg&from=appmsg
塔里木职业技术学院,https://mmbiz.qpic.cn/mmbiz_jpg/ib7WYApOldPTo6bM9M4a0I2gRVNf9w3ADzwBAmAXNsuXznoq9GN7iajPfLnzbnwWt0Jfp9nhf30QhIIsbaPp9GJQ/640?wx_fmt=jpeg&from=appmsg
新疆生产建设兵团兴新职业技术学院,https://mmbiz.qpic.cn/mmbiz_png/ib7WYApOldPTo6bM9M4a0I2gRVNf9w3ADaXzOfLMXawB5qYWtEDqAicDkR2tXMKCppHgNyd71IkeWIvrhmluiafjA/640?wx_fmt=png&from=appmsg
